epoch,time,train/box_loss,train/seg_loss,train/cls_loss,train/dfl_loss,train/sem_loss,metrics/precision(B),metrics/recall(B),metrics/mAP50(B),metrics/mAP50-95(B),metrics/precision(M),metrics/recall(M),metrics/mAP50(M),metrics/mAP50-95(M),val/box_loss,val/seg_loss,val/cls_loss,val/dfl_loss,val/sem_loss,lr/pg0,lr/pg1,lr/pg2
1,36.981,0.24445,0.18295,35.4173,0.23939,0,0.00476,0.5,0.01605,0.00753,0.00476,0.5,0.01605,0.00753,2.42998,2.77374,3.63401,1.96425,0,0.000554628,0.000554628,0.000554628
2,72.3985,0.29852,0.09456,9.16968,0.26215,0,0,0,0,0,0,0,0,0,3.69078,0.90913,4.80965,2.97015,0,0.00108831,0.00108831,0.00108831
3,107.742,0.38142,0.17534,1.40018,0.36727,0,0,0,0,0,0,0,0,0,3.30524,0.96666,5.2381,2.6331,0,0.00159999,0.00159999,0.00159999
4,143.285,0.52017,0.15873,0.93004,0.46523,0,0,0,0,0,0,0,0,0,3.29591,2550.57,5.85654,8.4568,0,0.00156798,0.00156798,0.00156798
5,177.802,0.30184,0.43825,0.60994,0.30337,0,0,0,0,0,0,0,0,0,2.81111,1.29833,6.88091,2.32567,0,0.00153497,0.00153497,0.00153497
6,212.539,0.43452,0.13455,0.83967,0.37238,0,0,0,0,0,0,0,0,0,4.25542,1.24287,5.85936,7.65841,0,0.00150197,0.00150197,0.00150197
7,247.097,0.3809,0.11858,0.77654,0.33678,0,0,0,0,0,0,0,0,0,3.83237,1.36405,6.72466,4.89748,0,0.00146896,0.00146896,0.00146896
8,281.78,0.34042,0.11198,0.71211,0.31853,0,0,0,0,0,0,0,0,0,3.21885,2.62333,6.92656,2.8084,0,0.00143595,0.00143595,0.00143595
9,317.14,0.44154,0.09477,0.83856,0.39715,0,0,0,0,0,0,0,0,0,3.16817,1.40107,6.31944,2.47587,0,0.00140295,0.00140295,0.00140295
10,352.082,0.45409,0.10194,0.81523,0.36954,0,0,0,0,0,0,0,0,0,2.93384,1.0476,6.38407,2.30934,0,0.00136994,0.00136994,0.00136994
11,386.945,0.38995,0.09002,0.73578,0.32521,0,0,0,0,0,0,0,0,0,3.25594,1.09775,6.65911,2.55695,0,0.00133693,0.00133693,0.00133693
12,422.062,0.35841,0.08052,0.62359,0.29571,0,0,0,0,0,0,0,0,0,3.29422,0.87437,5.61034,2.16144,0,0.00130393,0.00130393,0.00130393
13,457.169,0.27718,0.04025,0.58311,0.25186,0,0,0,0,0,0,0,0,0,3.0181,0.90001,5.4331,2.38195,0,0.00127092,0.00127092,0.00127092
14,491.876,0.30123,0.05784,0.56496,0.26474,0,0,0,0,0,0,0,0,0,3.47978,0.90196,4.98191,3.05158,0,0.00123791,0.00123791,0.00123791
15,526.722,0.25783,0.05675,0.4664,0.23217,0,0,0,0,0,0,0,0,0,3.13857,0.63909,4.78232,3.45531,0,0.00120491,0.00120491,0.00120491
16,563.577,0.33976,0.07811,0.59486,0.30337,0,0,0,0,0,0,0,0,0,2.62771,0.66309,4.11009,2.01182,0,0.0011719,0.0011719,0.0011719
17,599.026,0.37594,0.07383,0.60393,0.33458,0,0,0,0,0,0,0,0,0,2.25028,0.51565,3.87159,2.53464,0,0.00113889,0.00113889,0.00113889
18,634.397,0.23747,0.04535,0.45996,0.22416,0,0.03571,0.5,0.03827,0.01531,0.03571,0.5,0.03827,0.01531,2.25355,1.25834,4.24661,2.35179,0,0.00110589,0.00110589,0.00110589
19,669.524,0.27505,0.05546,0.53211,0.26299,0,0,0,0,0,0,0,0,0,2.31912,0.48398,4.50848,2.5477,0,0.00107288,0.00107288,0.00107288
20,704.937,0.35993,0.08975,0.60064,0.32424,0,0,0,0,0,0,0,0,0,2.69979,0.62012,4.07068,2.5693,0,0.00103987,0.00103987,0.00103987
21,739.922,0.31342,0.07339,0.53169,0.28177,0,0,0,0,0,0,0,0,0,3.05164,1.33469,5.43578,3.20322,0,0.00100687,0.00100687,0.00100687
22,774.732,0.30134,0.06148,0.51248,0.29121,0,0.0266,1,0.28861,0.1098,0.0266,1,0.28861,0.108,2.81394,0.35111,3.01593,2.67176,0,0.000973861,0.000973861,0.000973861
23,809.785,0.29269,0.06795,0.43262,0.26729,0,0,0,0,0,0,0,0,0,2.80517,0.42426,3.83698,2.66487,0,0.000940855,0.000940855,0.000940855
24,844.505,0.33311,0.05336,0.53423,0.29842,0,0.04,0.5,0.05467,0.00659,0.04,0.5,0.05293,0.00529,2.52339,0.85295,3.3093,2.48729,0,0.000907848,0.000907848,0.000907848
25,879.658,0.33534,0.04523,0.46885,0.30591,0,0.02564,0.5,0.16583,0.03887,0.02564,0.5,0.16583,0.04192,2.53502,0.43184,3.09854,2.36461,0,0.000874842,0.000874842,0.000874842
26,914.752,0.28923,0.03976,0.42595,0.25719,0,0.01515,0.5,0.05177,0.01849,0.01515,0.5,0.05177,0.01837,2.61391,0.47288,3.6226,2.46958,0,0.000841835,0.000841835,0.000841835
27,952.418,0.29433,0.06007,0.47202,0.25655,0,0,0,0,0,0,0,0,0,3.49181,0.87171,5.85554,2.77178,0,0.000808828,0.000808828,0.000808828
28,1175.8,0.29243,0.04253,0.42276,0.27555,0,0.03328,0.25,0.13988,0.056,0.03328,0.25,0.13988,0.04495,2.753,1.28494,3.48869,3.76715,0,0.000775822,0.000775822,0.000775822
29,1210.33,0.31622,0.05286,0.42682,0.27181,0,0.03022,0.5,0.03015,0.01541,0.03022,0.5,0.03015,0.01709,2.5819,0.27266,3.39716,2.47585,0,0.000742815,0.000742815,0.000742815
30,1244.81,0.30011,0.05024,0.33948,0.26218,0,0.62308,0.25,0.09765,0.02712,0.62308,0.25,0.09765,0.02755,2.8227,0.4421,3.19413,2.83954,0,0.000709809,0.000709809,0.000709809
31,1281.04,0.30131,0.07032,0.39586,0.26162,0,0.62389,0.25,0.11869,0.02819,0.62389,0.25,0.11869,0.02632,2.6807,0.55533,2.48541,3.01887,0,0.000676802,0.000676802,0.000676802
32,1315.59,0.29251,0.07791,0.38486,0.26395,0,0.01661,0.5,0.06816,0.01919,0.01661,0.5,0.06816,0.0205,2.56787,0.65406,2.80041,2.86381,0,0.000643795,0.000643795,0.000643795
33,1350.74,0.31008,0.058,0.36549,0.26476,0,0.66076,0.25,0.12417,0.03018,0.66076,0.25,0.12417,0.03305,2.2492,0.93057,2.68127,2.73291,0,0.000610789,0.000610789,0.000610789
34,1385.84,0.30268,0.05213,0.43689,0.25191,0,0,0,0,0,0,0,0,0,2.86336,0.55268,6.75613,3.33837,0,0.000577782,0.000577782,0.000577782
35,1421.02,0.35276,0.06171,0.41135,0.33027,0,0.65921,0.25,0.19518,0.06868,0.65921,0.25,0.19518,0.06114,2.19633,0.75623,2.24834,2.7009,0,0.000544776,0.000544776,0.000544776
36,1456.37,0.35679,0.06872,0.43139,0.30248,0,0.11042,0.28387,0.20708,0.06143,0.11042,0.28387,0.20708,0.0653,2.45664,0.2889,2.15574,3.10421,0,0.000511769,0.000511769,0.000511769
37,1491.27,0.28059,0.05313,0.36192,0.24605,0,0.62275,0.25,0.08819,0.03633,0.62275,0.25,0.08361,0.03744,2.3298,0.2878,2.38598,2.89895,0,0.000478762,0.000478762,0.000478762
38,1526.37,0.28844,0.03724,0.34841,0.26963,0,0.08141,0.25,0.18625,0.05934,0.08141,0.25,0.18625,0.06568,2.36035,0.33742,2.73152,3.12616,0,0.000445756,0.000445756,0.000445756
39,1561.92,0.25852,0.03365,0.27869,0.22789,0,0.06177,0.5,0.09045,0.02676,0.06635,0.5,0.14214,0.03224,2.35555,0.29851,2.53392,3.0773,0,0.000412749,0.000412749,0.000412749
40,1596.7,0.24533,0.03931,0.28272,0.21294,0,0.6265,0.2542,0.3475,0.08721,0.6265,0.2542,0.3475,0.09401,2.27754,0.22631,2.30733,2.88209,0,0.000379743,0.000379743,0.000379743
41,1643.47,0.11185,0.01114,0.10955,0.0962,0,0.59842,0.25,0.17375,0.05802,0.59842,0.25,0.17375,0.07153,2.27303,0.41583,2.33852,2.99367,0,0.000346736,0.000346736,0.000346736
42,1677.22,0.10805,0.00764,0.11754,0.09432,0,0.73198,0.25,0.16542,0.06287,0.73198,0.25,0.19518,0.06795,2.03802,0.72679,2.20628,2.8304,0,0.000313729,0.000313729,0.000313729
43,1710.7,0.10237,0.01012,0.07906,0.08704,0,0.62483,0.25,0.16583,0.07759,0.62483,0.25,0.16583,0.08155,1.99474,0.41685,2.21794,2.86326,0,0.000280723,0.000280723,0.000280723
44,1744.05,0.10076,0.01022,0.08481,0.08856,0,0.59013,0.5,0.11743,0.04043,0.59013,0.5,0.11743,0.04497,1.97065,0.43075,2.52833,2.85292,0,0.000247716,0.000247716,0.000247716
45,1777.31,0.08748,0.01068,0.11929,0.09341,0,0.08222,0.5,0.11056,0.0346,0.08222,0.5,0.11056,0.04488,2.36667,0.30283,2.36144,2.99586,0,0.00021471,0.00021471,0.00021471
46,1810.89,0.0788,0.00817,0.07662,0.0911,0,1,0.29078,0.4975,0.10898,0.93203,0.25,0.33083,0.15718,2.11632,0.59512,1.82101,2.95848,0,0.000181703,0.000181703,0.000181703
47,1844.48,0.07659,0.00886,0.07621,0.0903,0,0.73873,0.25,0.16221,0.04771,0.73873,0.25,0.16221,0.07825,2.41403,0.43619,2.42137,3.51,0,0.000148696,0.000148696,0.000148696
48,1878.27,0.07477,0.01018,0.07618,0.09097,0,0.0357,0.25,0.05853,0.02728,0.0357,0.25,0.05853,0.03576,2.43813,0.41415,2.20402,3.29567,0,0.00011569,0.00011569,0.00011569
49,1911.59,0.07565,0.00962,0.07937,0.08944,0,0.74246,0.5,0.33167,0.08879,0.74246,0.5,0.33167,0.1102,1.94811,0.371,1.91937,2.80676,0,8.26832e-05,8.26832e-05,8.26832e-05
50,1945.3,0.0737,0.00755,0.07115,0.09322,0,0.62362,0.5,0.15393,0.04724,0.62362,0.5,0.15393,0.06151,2.36984,0.46175,2.0911,3.52898,0,4.96766e-05,4.96766e-05,4.96766e-05
